{"rewards": [-987.8751220703125, -876.6663818359375, -505.525146484375, -1008.9755249023438, -948.7451171875, -871.7439575195312, -129.6275634765625, -636.5089111328125, -377.18853759765625, -877.6224365234375], "stats": {"mean": -722.0479125976562, "std": 282.6643371582031, "min": -1008.9755249023438, "max": -129.6275634765625}, "min": -1008.9755249023438, "max": -129.6275634765625, "mean": -722.0479125976562, "std": 282.6643371582031, "_timestamp": 1701982218.6891265, "_runtime": 232.9421284198761, "_step": 0, "_wandb": {"runtime": 232}}